Customer Code,Recency,Frequency,Monetary,Total Quantity,R_Score,F_Score,M_Score,RFM_Score_Sum,RFM_Segment,Cluster_ID,Cluster_Name
A001,1,1004,609905.7,23432.5,10,2,1,13,New Customers,5,Sub-Segment 1
A002,40,21,5471.1,306.0,10,1,1,12,New Customers,4,Segment 3
A003,7,47,13618.5,1067.0,10,1,1,12,New Customers,4,Segment 3
A004,27,32,7618.05,932.0,10,1,1,12,New Customers,4,Segment 3
A005,2,1904,363166.5,34042.0,10,2,1,13,New Customers,5,Sub-Segment 1
A007,1,279,1313928.225,80420.0,10,1,1,12,New Customers,5,Sub-Segment 1
A008,7,49,11138.7,732.0,10,1,1,12,New Customers,4,Segment 3
A009,29,39,13072.199999999999,1306.0,10,1,1,12,New Customers,4,Segment 3
A010,356,24,126030.0,5932.0,4,1,1,6,New Customers,4,Segment 3
A011,1,465,738630.0,84056.0,10,1,1,12,New Customers,5,Sub-Segment 1
A012,258,5,3968.4,257.0,6,1,1,8,New Customers,4,Segment 3
A013,1,28,8194.5,402.0,10,1,1,12,New Customers,4,Segment 3
A014,548,2,237.60000000000002,88.0,1,1,1,3,Lost Customers,4,Segment 3
A015,6,54,12021.3,909.0,10,1,1,12,New Customers,4,Segment 3
A016,7,37,10591.35,873.0,10,1,1,12,New Customers,4,Segment 3
A017,14,32,6816.15,1062.0,10,1,1,12,New Customers,4,Segment 3
A018,1,31,10109.25,818.0,10,1,1,12,New Customers,4,Segment 3
A019,14,6,170793.72,2098.0,10,1,1,12,New Customers,4,Segment 3
A020,1,101,37584.6,2390.0,10,1,1,12,New Customers,4,Segment 3
A021,7,26,5409.15,285.0,10,1,1,12,New Customers,4,Segment 3
A022,204,12,2038.2,197.0,7,1,1,9,New Customers,4,Segment 3
A023,2,248,147791.1,9414.0,10,1,1,12,New Customers,4,Segment 3
A024,351,19,6027.0,368.0,4,1,1,6,New Customers,4,Segment 3
A025,7,37,7246.95,419.0,10,1,1,12,New Customers,4,Segment 3
A026,7,77,90600.6,10357.0,10,1,1,12,New Customers,4,Segment 3
A027,28,10,2002.2,118.0,10,1,1,12,New Customers,4,Segment 3
A028,3,33,15965.55,1405.0,10,1,1,12,New Customers,4,Segment 3
A029,551,13,5383.8,792.0,1,1,1,3,Lost Customers,4,Segment 3
A030,8,8,1736.1,102.0,10,1,1,12,New Customers,4,Segment 3
A031,7,34,9469.8,725.0,10,1,1,12,New Customers,4,Segment 3
A032,6,54,10145.7,649.0,10,1,1,12,New Customers,4,Segment 3
A033,6,46,19017.0,1338.0,10,1,1,12,New Customers,4,Segment 3
A034,8,20,4296.45,475.0,10,1,1,12,New Customers,4,Segment 3
A035,6,78,19938.45,1283.0,10,1,1,12,New Customers,4,Segment 3
A036,1,41,25281.75,1994.0,10,1,1,12,New Customers,4,Segment 3
A037,41,7,1159.3500000000001,70.0,10,1,1,12,New Customers,4,Segment 3
A038,2,72,11022.3,1110.0,10,1,1,12,New Customers,4,Segment 3
A039,1,242,542163.3,44563.0,10,1,1,12,New Customers,5,Sub-Segment 1
A040,2,57,9505.8,774.0,10,1,1,12,New Customers,4,Segment 3
A041,15,6,1351.05,96.0,10,1,1,12,New Customers,4,Segment 3
A042,252,1,277.8,16.0,6,1,1,8,New Customers,4,Segment 3
A043,233,1,333.6,64.0,6,1,1,8,New Customers,4,Segment 3
A044,2,51,11722.5,746.0,10,1,1,12,New Customers,4,Segment 3
A045,2,275,143750.1,12359.0,10,1,1,12,New Customers,4,Segment 3
A046,6,11,2405.85,200.0,10,1,1,12,New Customers,4,Segment 3
A047,2,195,111047.4,10142.0,10,1,1,12,New Customers,4,Segment 3
A048,231,73,26963.25,1873.0,7,1,1,9,New Customers,4,Segment 3
A049,553,2,498.6,36.0,1,1,1,3,Lost Customers,4,Segment 3
A050,5,65,28971.3,3243.0,10,1,1,12,New Customers,4,Segment 3
A051,3,140,24284.7,2400.0,10,1,1,12,New Customers,4,Segment 3
A052,3,128,26337.3,2511.0,10,1,1,12,New Customers,4,Segment 3
A053,3,85,15959.1,1620.0,10,1,1,12,New Customers,4,Segment 3
A054,8,51,8317.2,838.0,10,1,1,12,New Customers,4,Segment 3
A055,5,123,22131.3,2078.0,10,1,1,12,New Customers,4,Segment 3
A056,5,110,17823.0,1730.0,10,1,1,12,New Customers,4,Segment 3
A057,2,15,998.9999999999999,90.0,10,1,1,12,New Customers,4,Segment 3
A058,3,54,8331.3,806.0,10,1,1,12,New Customers,4,Segment 3
A059,349,4,422.1,36.0,4,1,1,6,New Customers,4,Segment 3
A060,8,6,1301.4,88.0,10,1,1,12,New Customers,4,Segment 3
A061,6,10,2446.2,129.0,10,1,1,12,New Customers,4,Segment 3
A062,1,76,50822.4,4703.0,10,1,1,12,New Customers,4,Segment 3
A063,3,10,2579.85,351.0,10,1,1,12,New Customers,4,Segment 3
A064,52,11,2938.5,407.0,10,1,1,12,New Customers,4,Segment 3
A065,128,1,432.0,36.0,8,1,1,10,New Customers,4,Segment 3
A066,6,3,695.4,82.0,10,1,1,12,New Customers,4,Segment 3
A067,5,4,1122.15,74.0,10,1,1,12,New Customers,4,Segment 3
A068,6,7,2479.35,179.0,10,1,1,12,New Customers,4,Segment 3
A070,3,5,1789.5,133.0,10,1,1,12,New Customers,4,Segment 3
A072,9,2,378.0,24.0,10,1,1,12,New Customers,4,Segment 3
A073,3,6,849.3,66.0,10,1,1,12,New Customers,4,Segment 3
B001,17,122,23436.45,1862.0,10,1,1,12,New Customers,4,Segment 3
B002,2,65,11383.2,792.0,10,1,1,12,New Customers,4,Segment 3
B004,13,22,7270.05,486.0,10,1,1,12,New Customers,4,Segment 3
B005,2,97,24872.4,1992.0,10,1,1,12,New Customers,4,Segment 3
B006,2,135,37246.5,3126.0,10,1,1,12,New Customers,4,Segment 3
B007,90,25,11700.75,1459.0,9,1,1,11,New Customers,4,Segment 3
B008,135,13,3563.7000000000003,248.0,8,1,1,10,New Customers,4,Segment 3
B009,2,57,13400.4,1081.0,10,1,1,12,New Customers,4,Segment 3
B010,138,8,1536.3,90.0,8,1,1,10,New Customers,4,Segment 3
B011,13,21,25069.5,1230.0,10,1,1,12,New Customers,4,Segment 3
B012,16,21,7357.5,519.0,10,1,1,12,New Customers,4,Segment 3
B013,301,19,3420.0,240.0,5,1,1,7,New Customers,4,Segment 3
B015,2,53,27680.7,2324.0,10,1,1,12,New Customers,4,Segment 3
B017,492,7,1462.5,90.0,2,1,1,4,Lost Customers,4,Segment 3
B018,545,1,414.0,30.0,1,1,1,3,Lost Customers,4,Segment 3
B019,385,2,994.5,78.0,4,1,1,6,New Customers,4,Segment 3
B020,3,160,28156.8,2588.0,10,1,1,12,New Customers,4,Segment 3
B021,24,12,144873.0,7176.0,10,1,1,12,New Customers,4,Segment 3
B022,21,6,1104.3,54.0,10,1,1,12,New Customers,4,Segment 3
B023,141,15,19800.0,600.0,8,1,1,10,New Customers,4,Segment 3
B024,128,5,1213.2,87.0,8,1,1,10,New Customers,4,Segment 3
B025,55,7,3411.0,420.0,10,1,1,12,New Customers,4,Segment 3
B026,260,2,508.5,30.0,6,1,1,8,New Customers,4,Segment 3
B027,99,15,28364.4,2558.0,9,1,1,11,New Customers,4,Segment 3
B028,14,19,4011.75,326.0,10,1,1,12,New Customers,4,Segment 3
B029,6,6,12868.5,880.0,10,1,1,12,New Customers,4,Segment 3
B030,6,11,29385.0,2550.0,10,1,1,12,New Customers,4,Segment 3
B031,1,18,3714.4500000000003,223.0,10,1,1,12,New Customers,4,Segment 3
B032,44,3,720.0,60.0,10,1,1,12,New Customers,4,Segment 3
B033,2,89,20334.0,1194.0,10,1,1,12,New Customers,4,Segment 3
B035,20,2,493.2,24.0,10,1,1,12,New Customers,4,Segment 3
B036,10,5,1161.0,90.0,10,1,1,12,New Customers,4,Segment 3
B037,16,4,1437.75,99.0,10,1,1,12,New Customers,4,Segment 3
B038,19,1,360.9,24.0,10,1,1,12,New Customers,4,Segment 3
C001,1,9680,13146006.51,1746961.0,10,10,10,30,Champions,2,Segment 2
C002,9,79,18482.25,1218.0,10,1,1,12,New Customers,4,Segment 3
C003,2,193,149683.2,668.0,10,1,1,12,New Customers,4,Segment 3
C004,62,9,1555.2,108.0,9,1,1,11,New Customers,4,Segment 3
C005,3,306,81188.22,6855.0,10,1,1,12,New Customers,4,Segment 3
C006,1,284,65685.675,5001.0,10,1,1,12,New Customers,4,Segment 3
C007,12,10,1993.95,242.0,10,1,1,12,New Customers,4,Segment 3
C008,6,86,558010.8,48772.0,10,1,1,12,New Customers,5,Sub-Segment 1
C009,96,40,16249.05,1537.0,9,1,1,11,New Customers,4,Segment 3
C010,49,10,5484.15,544.0,10,1,1,12,New Customers,4,Segment 3
C011,13,30,7347.3,427.0,10,1,1,12,New Customers,4,Segment 3
C012,68,2,1044.0,120.0,9,1,1,11,New Customers,4,Segment 3
C013,29,20,4909.2,464.0,10,1,1,12,New Customers,4,Segment 3
C014,5,375,116634.3,8885.0,10,1,1,12,New Customers,4,Segment 3
C015,2,93,45369.45,3984.0,10,1,1,12,New Customers,4,Segment 3
C016,1,58,11286.6,1388.0,10,1,1,12,New Customers,4,Segment 3
C017,288,101,328861.65,25534.0,6,1,1,8,New Customers,5,Sub-Segment 1
C018,363,23,10932.300000000001,777.0,4,1,1,6,New Customers,4,Segment 3
C019,175,217,26611.5,11240.0,7,1,1,9,New Customers,4,Segment 3
C020,28,36,13332.0,404.0,10,1,1,12,New Customers,4,Segment 3
C021,3,122,13168.08,1795.0,10,1,1,12,New Customers,4,Segment 3
C022,1,174,62442.15,4525.0,10,1,1,12,New Customers,4,Segment 3
C024,29,61,13640.7,789.0,10,1,1,12,New Customers,4,Segment 3
C026,28,30,23618.7,2330.0,10,1,1,12,New Customers,4,Segment 3
C027,499,3,791.25,50.0,2,1,1,4,Lost Customers,4,Segment 3
C028,9,36,12501.3,866.0,10,1,1,12,New Customers,4,Segment 3
C029,19,31,8179.65,594.0,10,1,1,12,New Customers,4,Segment 3
C030,8,133,43662.75,5368.0,10,1,1,12,New Customers,4,Segment 3
C031,8,28,7035.6,484.0,10,1,1,12,New Customers,4,Segment 3
C032,195,20,3321.15,229.0,7,1,1,9,New Customers,4,Segment 3
C033,489,23,80496.0,10320.0,2,1,1,4,Lost Customers,4,Segment 3
C034,146,1,459.0,60.0,8,1,1,10,New Customers,4,Segment 3
C035,29,17,2956.5,153.0,10,1,1,12,New Customers,4,Segment 3
C036,16,27,4665.6,1296.0,10,1,1,12,New Customers,4,Segment 3
C038,13,7,1724.55,85.0,10,1,1,12,New Customers,4,Segment 3
C039,3,40,11327.7,831.0,10,1,1,12,New Customers,4,Segment 3
C041,6,27,6190.5,393.0,10,1,1,12,New Customers,4,Segment 3
C042,17,78,46803.0,4376.0,10,1,1,12,New Customers,4,Segment 3
C043,6,44,29346.0,2380.0,10,1,1,12,New Customers,4,Segment 3
C045,252,1,183.60000000000002,36.0,6,1,1,8,New Customers,4,Segment 3
C047,1,53,11148.0,775.0,10,1,1,12,New Customers,4,Segment 3
C048,317,35,6969.3,499.0,5,1,1,7,New Customers,4,Segment 3
C049,565,2,315.0,30.0,1,1,1,3,Lost Customers,4,Segment 3
C050,7,18,3704.4,216.0,10,1,1,12,New Customers,4,Segment 3
C051,92,14,4723.2,276.0,9,1,1,11,New Customers,4,Segment 3
C052,2,31,16287.6,1400.0,10,1,1,12,New Customers,4,Segment 3
C053,114,46,12427.95,867.0,9,1,1,11,New Customers,4,Segment 3
C054,33,9,2976.15,249.0,10,1,1,12,New Customers,4,Segment 3
C055,21,51,34790.4,3036.0,10,1,1,12,New Customers,4,Segment 3
C056,139,28,6025.5,595.0,8,1,1,10,New Customers,4,Segment 3
C057,27,27,5425.05,351.0,10,1,1,12,New Customers,4,Segment 3
C058,2,36,7611.0,925.0,10,1,1,12,New Customers,4,Segment 3
C059,180,13,3480.0,352.0,7,1,1,9,New Customers,4,Segment 3
C060,23,12,3404.4,220.0,10,1,1,12,New Customers,4,Segment 3
C061,12,14,4067.7000000000003,260.0,10,1,1,12,New Customers,4,Segment 3
C062,28,21,8897.1,406.0,10,1,1,12,New Customers,4,Segment 3
C063,1,15,4091.25,226.0,10,1,1,12,New Customers,4,Segment 3
C064,107,15,5250.3,311.0,9,1,1,11,New Customers,4,Segment 3
C065,107,9,2157.9,191.0,9,1,1,11,New Customers,4,Segment 3
C066,184,1,192.0,10.0,7,1,1,9,New Customers,4,Segment 3
C067,89,2,61.8,4.0,9,1,1,11,New Customers,4,Segment 3
C068,22,3,1172.4,112.0,10,1,1,12,New Customers,4,Segment 3
C069,26,3,571.2,32.0,10,1,1,12,New Customers,4,Segment 3
C070,23,2,417.0,21.0,10,1,1,12,New Customers,4,Segment 3
C071,1,25,5153.1,511.0,10,1,1,12,New Customers,4,Segment 3
C072,91,3,7626.0,720.0,9,1,1,11,New Customers,4,Segment 3
C073,2,23,6946.5,655.0,10,1,1,12,New Customers,4,Segment 3
C074,1,181,47506.5,2754.0,10,1,1,12,New Customers,4,Segment 3
D002,9,24,4653.3,394.0,10,1,1,12,New Customers,4,Segment 3
D003,468,21,9287.1,708.0,2,1,1,4,Lost Customers,4,Segment 3
D004,107,5,1358.7,89.0,9,1,1,11,New Customers,4,Segment 3
D005,2,41,8288.55,693.0,10,1,1,12,New Customers,4,Segment 3
D006,28,21,14184.0,660.0,10,1,1,12,New Customers,4,Segment 3
D007,28,27,6494.4,480.0,10,1,1,12,New Customers,4,Segment 3
D009,420,4,842.4,48.0,3,1,1,5,Lost Customers,4,Segment 3
D010,5,160,52824.450000000004,3687.0,10,1,1,12,New Customers,4,Segment 3
D011,106,4,785.7,51.0,9,1,1,11,New Customers,4,Segment 3
D012,7,33,8930.400000000001,634.0,10,1,1,12,New Customers,4,Segment 3
D013,6,6,1125.0,146.0,10,1,1,12,New Customers,4,Segment 3
D014,2,17,3343.5,295.0,10,1,1,12,New Customers,4,Segment 3
D015,6,3,645.9,201.0,10,1,1,12,New Customers,4,Segment 3
D016,1,55,10201.2,828.0,10,1,1,12,New Customers,4,Segment 3
D017,2,21,3801.6000000000004,1056.0,10,1,1,12,New Customers,4,Segment 3
D018,24,7,1365.3,192.0,10,1,1,12,New Customers,4,Segment 3
D019,112,2,1038.0,88.0,9,1,1,11,New Customers,4,Segment 3
D020,6,19,10236.0,710.0,10,1,1,12,New Customers,4,Segment 3
D021,3,11,3822.2999999999997,186.0,10,1,1,12,New Customers,4,Segment 3
D022,14,8,2247.0,280.0,10,1,1,12,New Customers,4,Segment 3
D023,143,1,246.6,12.0,8,1,1,10,New Customers,4,Segment 3
D024,7,16,4567.8,288.0,10,1,1,12,New Customers,4,Segment 3
D025,14,3,608.7,56.0,10,1,1,12,New Customers,4,Segment 3
D026,1,10,16374.6,1236.0,10,1,1,12,New Customers,4,Segment 3
E001,20,43,22476.6,1658.0,10,1,1,12,New Customers,4,Segment 3
E002,16,266,46302.75,2725.0,10,1,1,12,New Customers,4,Segment 3
E003,1,15,246714.0,20220.0,10,1,1,12,New Customers,4,Segment 3
E004,2,62,105256.8,39285.0,10,1,1,12,New Customers,4,Segment 3
E005,36,28,18191.25,893.0,10,1,1,12,New Customers,4,Segment 3
E007,1,45,11205.0,603.0,10,1,1,12,New Customers,4,Segment 3
E008,8,38,11808.0,690.0,10,1,1,12,New Customers,4,Segment 3
E009,511,2,411.0,21.0,2,1,1,4,Lost Customers,4,Segment 3
E010,113,42,24591.6,1212.0,9,1,1,11,New Customers,4,Segment 3
E011,216,20,7206.15,631.0,7,1,1,9,New Customers,4,Segment 3
E013,5,247,70514.4,5323.0,10,1,1,12,New Customers,4,Segment 3
E014,1,110,40621.95,2802.0,10,1,1,12,New Customers,4,Segment 3
E015,1,61,13751.85,1199.0,10,1,1,12,New Customers,4,Segment 3
E016,16,11,2242.35,116.0,10,1,1,12,New Customers,4,Segment 3
E017,29,12,2481.9,127.0,10,1,1,12,New Customers,4,Segment 3
E018,1,117,23510.55,1853.0,10,1,1,12,New Customers,4,Segment 3
E019,479,9,1535.1,120.0,2,1,1,4,Lost Customers,4,Segment 3
E020,237,5,807.0,400.0,6,1,1,8,New Customers,4,Segment 3
E021,8,33,10179.6,1099.0,10,1,1,12,New Customers,4,Segment 3
E022,12,18,3538.8,245.0,10,1,1,12,New Customers,4,Segment 3
E023,1,76,27545.7,2975.0,10,1,1,12,New Customers,4,Segment 3
E024,16,16,5055.75,601.0,10,1,1,12,New Customers,4,Segment 3
E025,42,19,17243.4,1232.0,10,1,1,12,New Customers,4,Segment 3
E026,125,4,9066.0,980.0,8,1,1,10,New Customers,4,Segment 3
E027,124,18,5403.6,456.0,8,1,1,10,New Customers,4,Segment 3
E028,5,10,7749.0,959.0,10,1,1,12,New Customers,4,Segment 3
E029,182,11,1873.8,240.0,7,1,1,9,New Customers,4,Segment 3
E030,44,12,22860.0,1882.0,10,1,1,12,New Customers,4,Segment 3
E031,202,2,426.6,36.0,7,1,1,9,New Customers,4,Segment 3
E032,231,1,240.0,80.0,7,1,1,9,New Customers,4,Segment 3
E033,22,12,2913.6,244.0,10,1,1,12,New Customers,4,Segment 3
E034,8,4,961.8,80.0,10,1,1,12,New Customers,4,Segment 3
F001,23,18,3181.8,192.0,10,1,1,12,New Customers,4,Segment 3
F002,5,213,39416.4,2892.0,10,1,1,12,New Customers,4,Segment 3
F003,21,4,1291.5,68.0,10,1,1,12,New Customers,4,Segment 3
F004,308,23,2687.55,981.0,5,1,1,7,New Customers,4,Segment 3
F006,3,161,731285.1,12512.0,10,1,1,12,New Customers,5,Sub-Segment 1
F007,2,120,149561.55,13827.0,10,1,1,12,New Customers,4,Segment 3
F008,1,118,35711.7,2831.0,10,1,1,12,New Customers,4,Segment 3
F009,91,173,29646.75,2245.0,9,1,1,11,New Customers,4,Segment 3
F010,6,110,94760.7,6698.0,10,1,1,12,New Customers,4,Segment 3
F011,8,35,9240.0,280.0,10,1,1,12,New Customers,4,Segment 3
F012,2,58,15232.5,1356.0,10,1,1,12,New Customers,4,Segment 3
F013,26,51,8943.9,1021.0,10,1,1,12,New Customers,4,Segment 3
F014,1,70,30260.1,2460.0,10,1,1,12,New Customers,4,Segment 3
F015,8,37,12222.0,1342.0,10,1,1,12,New Customers,4,Segment 3
F017,106,75,1007610.75,158470.0,9,1,1,11,New Customers,6,Sub-Segment 2
F018,408,5,1245.6,96.0,3,1,1,5,Lost Customers,4,Segment 3
F019,2,76,22363.2,4754.0,10,1,1,12,New Customers,4,Segment 3
F020,36,7,3213.45,217.0,10,1,1,12,New Customers,4,Segment 3
F021,471,6,1063.95,153.0,2,1,1,4,Lost Customers,4,Segment 3
F022,8,35,87353.25,7001.0,10,1,1,12,New Customers,4,Segment 3
F023,245,87,15822.0,2112.0,6,1,1,8,New Customers,4,Segment 3
F024,150,37,6236.1,468.0,8,1,1,10,New Customers,4,Segment 3
F026,128,19,10910.7,726.0,8,1,1,10,New Customers,4,Segment 3
F027,198,17,2912.4,204.0,7,1,1,9,New Customers,4,Segment 3
F028,378,3,628.2,63.0,4,1,1,6,New Customers,4,Segment 3
F029,547,1,189.3,14.0,1,1,1,3,Lost Customers,4,Segment 3
F030,9,76,13547.85,1072.0,10,1,1,12,New Customers,4,Segment 3
F031,463,2,33984.0,1920.0,3,1,1,5,Lost Customers,4,Segment 3
F032,423,2,45639.0,1986.0,3,1,1,5,Lost Customers,4,Segment 3
F033,149,6,11272.5,195.0,8,1,1,10,New Customers,4,Segment 3
F034,7,59,28749.3,3709.0,10,1,1,12,New Customers,4,Segment 3
F035,6,21,35730.0,3336.0,10,1,1,12,New Customers,4,Segment 3
F036,2,26,8288.4,524.0,10,1,1,12,New Customers,4,Segment 3
F037,7,40,270890.25,20892.0,10,1,1,12,New Customers,4,Segment 3
F038,50,19,39411.0,3294.0,10,1,1,12,New Customers,4,Segment 3
F039,13,23,5822.1,473.0,10,1,1,12,New Customers,4,Segment 3
F040,8,11,2554.2,198.0,10,1,1,12,New Customers,4,Segment 3
F041,7,4,705.6,48.0,10,1,1,12,New Customers,4,Segment 3
F042,85,1,246.6,24.0,9,1,1,11,New Customers,4,Segment 3
F043,6,2,651.6,48.0,10,1,1,12,New Customers,4,Segment 3
F044,5,6,1574.85,122.0,10,1,1,12,New Customers,4,Segment 3
F045,26,1,184.2,19.0,10,1,1,12,New Customers,4,Segment 3
F046,10,1,241.65,15.0,10,1,1,12,New Customers,4,Segment 3
G001,535,4,345.6,128.0,1,1,1,3,Lost Customers,4,Segment 3
G002,2,25,10210.35,772.0,10,1,1,12,New Customers,4,Segment 3
G003,1,91,23409.6,1666.0,10,1,1,12,New Customers,4,Segment 3
G004,36,21,20452.5,1770.0,10,1,1,12,New Customers,4,Segment 3
G006,86,9,2363.7,248.0,9,1,1,11,New Customers,4,Segment 3
G007,97,25,4887.0,450.0,9,1,1,11,New Customers,4,Segment 3
G008,93,20,3950.1000000000004,360.0,9,1,1,11,New Customers,4,Segment 3
G009,8,21,4892.4,330.0,10,1,1,12,New Customers,4,Segment 3
G010,2,44,11179.8,550.0,10,1,1,12,New Customers,4,Segment 3
G011,8,71,13337.4,1592.0,10,1,1,12,New Customers,4,Segment 3
G012,6,6,4495.5,582.0,10,1,1,12,New Customers,4,Segment 3
G013,91,4,1326.0,80.0,9,1,1,11,New Customers,4,Segment 3
G014,469,3,2111.3999999999996,276.0,2,1,1,4,Lost Customers,4,Segment 3
G015,355,13,3062.1,206.0,4,1,1,6,New Customers,4,Segment 3
G016,198,22,4099.8,321.0,7,1,1,9,New Customers,4,Segment 3
G017,2,107,19253.4,1541.0,10,1,1,12,New Customers,4,Segment 3
G018,17,36,8521.2,666.0,10,1,1,12,New Customers,4,Segment 3
G019,568,1,310.5,24.0,1,1,1,3,Lost Customers,4,Segment 3
G020,407,13,3241.35,169.0,3,1,1,5,Lost Customers,4,Segment 3
G021,41,51,20051.7,859.0,10,1,1,12,New Customers,4,Segment 3
G022,478,3,547.65,34.0,2,1,1,4,Lost Customers,4,Segment 3
G023,48,16,11352.0,344.0,10,1,1,12,New Customers,4,Segment 3
G024,9,18,5543.82,428.0,10,1,1,12,New Customers,4,Segment 3
G025,2,75,20139.15,1562.0,10,1,1,12,New Customers,4,Segment 3
G026,2,39,12847.5,1172.0,10,1,1,12,New Customers,4,Segment 3
G027,10,18,6830.1,472.0,10,1,1,12,New Customers,4,Segment 3
G029,2,9,1746.15,134.0,10,1,1,12,New Customers,4,Segment 3
G030,100,5,4060.8,288.0,9,1,1,11,New Customers,4,Segment 3
G031,23,6,10039.2,728.0,10,1,1,12,New Customers,4,Segment 3
G032,7,19,5181.0,157.0,10,1,1,12,New Customers,4,Segment 3
G033,62,1,246.6,12.0,9,1,1,11,New Customers,4,Segment 3
G034,7,1,270.0,18.0,10,1,1,12,New Customers,4,Segment 3
H001,27,11,2429.4,124.0,10,1,1,12,New Customers,4,Segment 3
H003,1,937,502592.7,49804.0,10,1,1,12,New Customers,5,Sub-Segment 1
H004,3,84,22282.35,1174.0,10,1,1,12,New Customers,4,Segment 3
H006,9,30,7162.2,669.0,10,1,1,12,New Customers,4,Segment 3
H007,5,26,9515.4,1887.0,10,1,1,12,New Customers,4,Segment 3
H008,35,24,6897.0,560.0,10,1,1,12,New Customers,4,Segment 3
H009,318,5,1114.5,50.0,5,1,1,7,New Customers,4,Segment 3
H010,7,13,68539.5,4758.0,10,1,1,12,New Customers,4,Segment 3
H011,149,6,3392.7,375.0,8,1,1,10,New Customers,4,Segment 3
H012,19,37,8366.4,602.0,10,1,1,12,New Customers,4,Segment 3
H014,6,59,128430.0,10530.0,10,1,1,12,New Customers,4,Segment 3
H015,29,12,2326.95,71.0,10,1,1,12,New Customers,4,Segment 3
H016,100,29,13146.0,1240.0,9,1,1,11,New Customers,4,Segment 3
H017,2,71,11060.1,837.0,10,1,1,12,New Customers,4,Segment 3
H018,5,91,21195.6,1645.0,10,1,1,12,New Customers,4,Segment 3
H019,72,5,1686.6,518.0,9,1,1,11,New Customers,4,Segment 3
H020,23,11,2523.2999999999997,144.0,10,1,1,12,New Customers,4,Segment 3
H021,35,11,14506.5,1160.0,10,1,1,12,New Customers,4,Segment 3
H023,189,1,307.8,18.0,7,1,1,9,New Customers,4,Segment 3
H024,14,10,30624.0,928.0,10,1,1,12,New Customers,4,Segment 3
H025,9,5,1233.0,60.0,10,1,1,12,New Customers,4,Segment 3
H026,10,9,1929.9,119.0,10,1,1,12,New Customers,4,Segment 3
H027,20,2,3564.0,270.0,10,1,1,12,New Customers,4,Segment 3
H028,5,1,185.85000000000002,16.0,10,1,1,12,New Customers,4,Segment 3
H029,9,1,1188.0,90.0,10,1,1,12,New Customers,4,Segment 3
H030,13,1,369.9,18.0,10,1,1,12,New Customers,4,Segment 3
I001,569,1,189.0,10.0,1,1,1,3,Lost Customers,4,Segment 3
I002,1,316,96030.45,6489.0,10,1,1,12,New Customers,4,Segment 3
I003,24,14,3106.8,1068.0,10,1,1,12,New Customers,4,Segment 3
I004,17,13,3256.2,294.0,10,1,1,12,New Customers,4,Segment 3
I005,101,18,5107.05,272.0,9,1,1,11,New Customers,4,Segment 3
I006,393,2,459.0,36.0,4,1,1,6,New Customers,4,Segment 3
I009,5,47,13875.15,945.0,10,1,1,12,New Customers,4,Segment 3
I010,7,107,46042.38,7502.0,10,1,1,12,New Customers,4,Segment 3
I011,1,28,12804.0,388.0,10,1,1,12,New Customers,4,Segment 3
I012,572,1,345.6,24.0,1,1,1,3,Lost Customers,4,Segment 3
I013,565,1,1015.2,240.0,1,1,1,3,Lost Customers,4,Segment 3
I014,314,37,54633.6,21440.0,5,1,1,7,New Customers,4,Segment 3
I015,3,33,8857.8,732.0,10,1,1,12,New Customers,4,Segment 3
I017,36,5,657.0,32.0,10,1,1,12,New Customers,4,Segment 3
J001,13,43,7632.6,531.0,10,1,1,12,New Customers,4,Segment 3
J002,3,31,6720.15,518.0,10,1,1,12,New Customers,4,Segment 3
J003,20,23,4957.05,258.0,10,1,1,12,New Customers,4,Segment 3
J004,2,54,12514.8,927.0,10,1,1,12,New Customers,4,Segment 3
J006,13,20,7873.5,521.0,10,1,1,12,New Customers,4,Segment 3
J007,17,701,152639.7,10561.0,10,1,1,12,New Customers,4,Segment 3
J008,486,1,183.6,24.0,2,1,1,4,Lost Customers,4,Segment 3
J009,542,1,237.3,16.0,1,1,1,3,Lost Customers,4,Segment 3
J010,6,32,9477.3,638.0,10,1,1,12,New Customers,4,Segment 3
J011,15,23,4894.2,268.0,10,1,1,12,New Customers,4,Segment 3
J012,1,263,96088.5,12283.0,10,1,1,12,New Customers,4,Segment 3
J013,13,53,54877.5,1990.0,10,1,1,12,New Customers,4,Segment 3
J014,439,6,1022.4,144.0,3,1,1,5,Lost Customers,4,Segment 3
J015,5,89,16118.25,945.0,10,1,1,12,New Customers,4,Segment 3
J016,6,34,489375.0,31900.0,10,1,1,12,New Customers,5,Sub-Segment 1
J017,8,50,8913.9,1105.0,10,1,1,12,New Customers,4,Segment 3
J018,9,57,14609.7,4826.0,10,1,1,12,New Customers,4,Segment 3
J020,2,338,70953.0,4160.0,10,1,1,12,New Customers,4,Segment 3
J021,147,9,1869.9,96.0,8,1,1,10,New Customers,4,Segment 3
J023,70,120,66055.8,4627.0,9,1,1,11,New Customers,4,Segment 3
J024,50,18,7294.8,488.0,10,1,1,12,New Customers,4,Segment 3
J025,292,4,961.8,58.0,5,1,1,7,New Customers,4,Segment 3
J026,43,1,237.45,27.0,10,1,1,12,New Customers,4,Segment 3
J027,574,1,294.3,18.0,1,1,1,3,Lost Customers,4,Segment 3
J029,1,76,16233.0,1364.0,10,1,1,12,New Customers,4,Segment 3
J030,380,20,7658.7,795.0,4,1,1,6,New Customers,4,Segment 3
J031,20,48,65721.45,4930.0,10,1,1,12,New Customers,4,Segment 3
J032,23,74,13287.9,1012.0,10,1,1,12,New Customers,4,Segment 3
J033,51,10,3897.6,320.0,10,1,1,12,New Customers,4,Segment 3
J034,223,10,2637.75,211.0,7,1,1,9,New Customers,4,Segment 3
J036,1,81,21242.7,1644.0,10,1,1,12,New Customers,4,Segment 3
J037,9,29,15077.85,1008.0,10,1,1,12,New Customers,4,Segment 3
J038,113,2,378.0,180.0,9,1,1,11,New Customers,4,Segment 3
J039,62,26,19544.7,803.0,9,1,1,11,New Customers,4,Segment 3
J040,1,17,4361.4,352.0,10,1,1,12,New Customers,4,Segment 3
J041,28,7,1051.8,76.0,10,1,1,12,New Customers,4,Segment 3
J042,1,22,5251.2,312.0,10,1,1,12,New Customers,4,Segment 3
J043,2,30,6867.9,588.0,10,1,1,12,New Customers,4,Segment 3
J044,42,4,1410.15,115.0,10,1,1,12,New Customers,4,Segment 3
J045,59,3,1074.6,60.0,9,1,1,11,New Customers,4,Segment 3
J046,9,9,1490.3999999999999,108.0,10,1,1,12,New Customers,4,Segment 3
J047,2,5,1317.0,80.0,10,1,1,12,New Customers,4,Segment 3
J048,3,4,982.8,84.0,10,1,1,12,New Customers,4,Segment 3
J049,2,4,1087.8,88.0,10,1,1,12,New Customers,4,Segment 3
J050,1,2,763.2,48.0,10,1,1,12,New Customers,4,Segment 3
K004,12,87,26848.2,1602.0,10,1,1,12,New Customers,4,Segment 3
K005,16,21,4326.0,2060.0,10,1,1,12,New Customers,4,Segment 3
K007,104,20,7818.0,861.0,9,1,1,11,New Customers,4,Segment 3
K008,87,14,2886.75,176.0,9,1,1,11,New Customers,4,Segment 3
K009,112,20,4600.8,360.0,9,1,1,11,New Customers,4,Segment 3
K010,338,16,3324.15,303.0,5,1,1,7,New Customers,4,Segment 3
K011,7,36,23236.8,1778.0,10,1,1,12,New Customers,4,Segment 3
K013,296,2,396.45,33.0,5,1,1,7,New Customers,4,Segment 3
K014,49,52,14748.3,984.0,10,1,1,12,New Customers,4,Segment 3
K015,37,11,1918.8,132.0,10,1,1,12,New Customers,4,Segment 3
K016,405,1,234.75,17.0,4,1,1,6,New Customers,4,Segment 3
K017,6,63,13480.65,1455.0,10,1,1,12,New Customers,4,Segment 3
K018,528,2,691.5,26.0,1,1,1,3,Lost Customers,4,Segment 3
K019,1,60,20654.25,1607.0,10,1,1,12,New Customers,4,Segment 3
K020,1,13,4013.4,223.0,10,1,1,12,New Customers,4,Segment 3
K021,48,6,1616.4,156.0,10,1,1,12,New Customers,4,Segment 3
K022,2,15,2923.5,223.0,10,1,1,12,New Customers,4,Segment 3
K023,156,1,420.0,10.0,8,1,1,10,New Customers,4,Segment 3
K024,45,2,365.4,28.0,10,1,1,12,New Customers,4,Segment 3
K025,23,5,1244.7,108.0,10,1,1,12,New Customers,4,Segment 3
K026,1,6,2491.8,278.0,10,1,1,12,New Customers,4,Segment 3
L002,55,12,38364.0,1280.0,10,1,1,12,New Customers,4,Segment 3
L003,85,21,14244.0,1018.0,9,1,1,11,New Customers,4,Segment 3
L004,15,19,3805.8,198.0,10,1,1,12,New Customers,4,Segment 3
L005,518,2,611.1,42.0,2,1,1,4,Lost Customers,4,Segment 3
L006,8,39,8090.7,418.0,10,1,1,12,New Customers,4,Segment 3
L007,569,1,252.0,120.0,1,1,1,3,Lost Customers,4,Segment 3
L008,2,172,378941.4,25572.0,10,1,1,12,New Customers,5,Sub-Segment 1
L009,10,31,189531.0,12870.0,10,1,1,12,New Customers,4,Segment 3
L010,1,109,33062.7,2557.0,10,1,1,12,New Customers,4,Segment 3
L011,2,33,51339.0,5802.0,10,1,1,12,New Customers,4,Segment 3
L012,8,59,21597.0,1440.0,10,1,1,12,New Customers,4,Segment 3
L013,455,5,1914.6,105.0,3,1,1,5,Lost Customers,4,Segment 3
L014,1,64,28883.1,1932.0,10,1,1,12,New Customers,4,Segment 3
L015,20,14,2715.3,306.0,10,1,1,12,New Customers,4,Segment 3
L016,1,483,1688595.9,111734.0,10,1,2,13,New Customers,6,Sub-Segment 2
L017,2,37,10039.5,399.0,10,1,1,12,New Customers,4,Segment 3
L019,13,17,4564.8,648.0,10,1,1,12,New Customers,4,Segment 3
L020,36,4,814.35,56.0,10,1,1,12,New Customers,4,Segment 3
L023,35,15,2845.7999999999997,372.0,10,1,1,12,New Customers,4,Segment 3
L024,9,62,35635.8,2976.0,10,1,1,12,New Customers,4,Segment 3
L025,167,11,1944.0,132.0,8,1,1,10,New Customers,4,Segment 3
L028,183,7,1687.65,135.0,7,1,1,9,New Customers,4,Segment 3
L029,7,46,13072.199999999999,1056.0,10,1,1,12,New Customers,4,Segment 3
L030,572,1,243.0,12.0,1,1,1,3,Lost Customers,4,Segment 3
L031,15,22,5763.9,368.0,10,1,1,12,New Customers,4,Segment 3
L032,41,21,6675.45,786.0,10,1,1,12,New Customers,4,Segment 3
L033,23,23,12554.4,962.0,10,1,1,12,New Customers,4,Segment 3
L034,48,17,4962.0,308.0,10,1,1,12,New Customers,4,Segment 3
L035,526,3,743.4,54.0,1,1,1,3,Lost Customers,4,Segment 3
L036,330,17,3150.8999999999996,198.0,5,1,1,7,New Customers,4,Segment 3
L037,3,10,1896.9,370.0,10,1,1,12,New Customers,4,Segment 3
L038,5,36,35221.35,1872.0,10,1,1,12,New Customers,4,Segment 3
L039,8,28,7751.25,625.0,10,1,1,12,New Customers,4,Segment 3
L040,2,39,12557.1,810.0,10,1,1,12,New Customers,4,Segment 3
L041,119,3,2403.9,193.0,8,1,1,10,New Customers,4,Segment 3
L042,6,6,4626.9,220.0,10,1,1,12,New Customers,4,Segment 3
L043,43,15,2634.9,204.0,10,1,1,12,New Customers,4,Segment 3
L044,19,4,927.9000000000001,102.0,10,1,1,12,New Customers,4,Segment 3
L045,1,6,758.85,67.0,10,1,1,12,New Customers,4,Segment 3
M002,3,78,17965.8,1404.0,10,1,1,12,New Customers,4,Segment 3
M003,471,3,550.8,72.0,2,1,1,4,Lost Customers,4,Segment 3
M004,3,162,41661.15,3321.0,10,1,1,12,New Customers,4,Segment 3
M005,16,25,8528.4,1128.0,10,1,1,12,New Customers,4,Segment 3
M006,23,25,70706.7,4878.0,10,1,1,12,New Customers,4,Segment 3
M007,62,6,1272.6,74.0,9,1,1,11,New Customers,4,Segment 3
M008,1,41,7954.650000000001,590.0,10,1,1,12,New Customers,4,Segment 3
M009,20,7,1948.05,197.0,10,1,1,12,New Customers,4,Segment 3
M010,82,25,10876.8,686.0,9,1,1,11,New Customers,4,Segment 3
M011,36,37,13829.699999999999,1210.0,10,1,1,12,New Customers,4,Segment 3
M012,15,8,3045.0,230.0,10,1,1,12,New Customers,4,Segment 3
M013,535,1,182.25,9.0,1,1,1,3,Lost Customers,4,Segment 3
M014,128,7,1214.55,64.0,8,1,1,10,New Customers,4,Segment 3
M015,575,1,347.4,36.0,1,1,1,3,Lost Customers,4,Segment 3
M016,258,11,1383.075,558.0,6,1,1,8,New Customers,4,Segment 3
M017,20,6,1584.75,119.0,10,1,1,12,New Customers,4,Segment 3
M019,2,29,7253.55,585.0,10,1,1,12,New Customers,4,Segment 3
M020,9,36,25190.55,1719.0,10,1,1,12,New Customers,4,Segment 3
M021,356,25,6082.2,372.0,4,1,1,6,New Customers,4,Segment 3
M022,14,24,6127.2,426.0,10,1,1,12,New Customers,4,Segment 3
M023,5,33,8446.2,604.0,10,1,1,12,New Customers,4,Segment 3
M025,2,64,13355.7,1148.0,10,1,1,12,New Customers,4,Segment 3
M026,7,47,9929.25,577.0,10,1,1,12,New Customers,4,Segment 3
M027,26,8,1846.95,107.0,10,1,1,12,New Customers,4,Segment 3
M028,2,57,271041.3,21704.0,10,1,1,12,New Customers,4,Segment 3
M030,245,185,36607.05,4334.0,6,1,1,8,New Customers,4,Segment 3
M031,2,15,4014.9,636.0,10,1,1,12,New Customers,4,Segment 3
M032,5,93,46155.6,5952.0,10,1,1,12,New Customers,4,Segment 3
M033,2,57,13270.65,720.0,10,1,1,12,New Customers,4,Segment 3
M034,35,6,1214.55,67.0,10,1,1,12,New Customers,4,Segment 3
M035,147,48,9364.65,651.0,8,1,1,10,New Customers,4,Segment 3
M036,9,41,15672.6,1395.0,10,1,1,12,New Customers,4,Segment 3
M037,515,1,660.0,200.0,2,1,1,4,Lost Customers,4,Segment 3
M038,12,13,2499.9,312.0,10,1,1,12,New Customers,4,Segment 3
M039,12,10,3122.85,168.0,10,1,1,12,New Customers,4,Segment 3
M040,6,132,50468.85,3303.0,10,1,1,12,New Customers,4,Segment 3
M041,6,108,34271.55,2209.0,10,1,1,12,New Customers,4,Segment 3
M042,14,13,2158.2,153.0,10,1,1,12,New Customers,4,Segment 3
M043,6,87,85487.7,6008.0,10,1,1,12,New Customers,4,Segment 3
M044,20,35,11757.6,599.0,10,1,1,12,New Customers,4,Segment 3
M045,68,9,2282.55,173.0,9,1,1,11,New Customers,4,Segment 3
M046,12,114,27296.325,3362.0,10,1,1,12,New Customers,4,Segment 3
M047,2,39,23374.8,1578.0,10,1,1,12,New Customers,4,Segment 3
M048,23,7,1349.25,101.0,10,1,1,12,New Customers,4,Segment 3
M049,10,12,21386.1,1056.0,10,1,1,12,New Customers,4,Segment 3
M050,9,3,579.15,31.0,10,1,1,12,New Customers,4,Segment 3
M051,181,3,537.45,48.0,7,1,1,9,New Customers,4,Segment 3
M052,28,3,841.5,74.0,10,1,1,12,New Customers,4,Segment 3
M053,63,1,176.4,12.0,9,1,1,11,New Customers,4,Segment 3
M054,7,8,4248.0,221.0,10,1,1,12,New Customers,4,Segment 3
M055,19,3,681.15,54.0,10,1,1,12,New Customers,4,Segment 3
M056,65,1,246.6,12.0,9,1,1,11,New Customers,4,Segment 3
M057,5,2,1003.8,58.0,10,1,1,12,New Customers,4,Segment 3
M064,12,30,10678.05,686.0,10,1,1,12,New Customers,4,Segment 3
M065,2,15,3833.25,274.0,10,1,1,12,New Customers,4,Segment 3
M066,14,10,2919.0,294.0,10,1,1,12,New Customers,4,Segment 3
M067,5,9,2169.45,128.0,10,1,1,12,New Customers,4,Segment 3
M069,77,2,2106.0,170.0,9,1,1,11,New Customers,4,Segment 3
M070,85,2,772.2,66.0,9,1,1,11,New Customers,4,Segment 3
M071,2,4,999.0,78.0,10,1,1,12,New Customers,4,Segment 3
N001,107,5,834.0,400.0,9,1,1,11,New Customers,4,Segment 3
N002,3,211,10379709.9,965718.0,10,1,8,19,Loyal Customers,2,Segment 2
N003,15,46,73237.5,3884.0,10,1,1,12,New Customers,4,Segment 3
N005,2,162,48590.85,3128.0,10,1,1,12,New Customers,4,Segment 3
N006,1,247,81605.4,3949.0,10,1,1,12,New Customers,4,Segment 3
N007,517,2,550.8,72.0,2,1,1,4,Lost Customers,4,Segment 3
N008,21,10,2694.0,300.0,10,1,1,12,New Customers,4,Segment 3
N009,2,97,34334.7,2174.0,10,1,1,12,New Customers,4,Segment 3
N010,19,42,8479.8,561.0,10,1,1,12,New Customers,4,Segment 3
N011,476,29,12958.92,2088.0,2,1,1,4,Lost Customers,4,Segment 3
N012,483,9,1477.8,228.0,2,1,1,4,Lost Customers,4,Segment 3
N013,118,27,6105.0,477.0,8,1,1,10,New Customers,4,Segment 3
N014,5,80,58046.1,3920.0,10,1,1,12,New Customers,4,Segment 3
N015,562,1,210.6,12.0,1,1,1,3,Lost Customers,4,Segment 3
N016,9,23,6544.8,536.0,10,1,1,12,New Customers,4,Segment 3
N017,8,11,3212.1,114.0,10,1,1,12,New Customers,4,Segment 3
N018,1,22,10421.1,510.0,10,1,1,12,New Customers,4,Segment 3
N019,215,6,2065.95,142.0,7,1,1,9,New Customers,4,Segment 3
N020,239,2,366.0,23.0,6,1,1,8,New Customers,4,Segment 3
N021,10,27,55386.0,2760.0,10,1,1,12,New Customers,4,Segment 3
N022,3,25,18082.8,1500.0,10,1,1,12,New Customers,4,Segment 3
N023,157,3,853.05,44.0,8,1,1,10,New Customers,4,Segment 3
N024,91,10,2455.2,189.0,9,1,1,11,New Customers,4,Segment 3
N025,9,10,1708.5,122.0,10,1,1,12,New Customers,4,Segment 3
N027,17,1,214.2,12.0,10,1,1,12,New Customers,4,Segment 3
O002,329,19,4129.5,128.0,5,1,1,7,New Customers,4,Segment 3
O003,3,53,132282.0,10980.0,10,1,1,12,New Customers,4,Segment 3
O004,12,82,37109.7,1302.0,10,1,1,12,New Customers,4,Segment 3
O005,525,3,476236.80000000005,5088.0,1,1,1,3,Lost Customers,4,Segment 3
O006,40,12,5009.4,969.0,10,1,1,12,New Customers,4,Segment 3
O007,78,9,1669.5,207.0,9,1,1,11,New Customers,4,Segment 3
O008,97,10,2756.7,186.0,9,1,1,11,New Customers,4,Segment 3
O009,1,182,58811.7,3969.0,10,1,1,12,New Customers,4,Segment 3
O010,6,93,77326.5,5770.0,10,1,1,12,New Customers,4,Segment 3
O011,10,8,11520.0,900.0,10,1,1,12,New Customers,4,Segment 3
O012,3,136,43630.95,4002.0,10,1,1,12,New Customers,4,Segment 3
O013,9,49,20150.7,2014.0,10,1,1,12,New Customers,4,Segment 3
O014,366,1,185.4,15.0,4,1,1,6,New Customers,4,Segment 3
O015,3,50,17946.75,1474.0,10,1,1,12,New Customers,4,Segment 3
O016,20,32,5911.5,469.0,10,1,1,12,New Customers,4,Segment 3
O017,177,5,1222.2,60.0,7,1,1,9,New Customers,4,Segment 3
O018,118,4,828.3,73.0,8,1,1,10,New Customers,4,Segment 3
O019,1,21,3623.25,421.0,10,1,1,12,New Customers,4,Segment 3
O020,14,10,3492.45,200.0,10,1,1,12,New Customers,4,Segment 3
O021,122,9,4415.1,229.0,8,1,1,10,New Customers,4,Segment 3
O022,13,2,458.7,34.0,10,1,1,12,New Customers,4,Segment 3
O023,1,14,4602.3,316.0,10,1,1,12,New Customers,4,Segment 3
O024,29,3,330.9,23.0,10,1,1,12,New Customers,4,Segment 3
O025,5,6,2316.6,156.0,10,1,1,12,New Customers,4,Segment 3
P001,357,23,7322.400000000001,1080.0,4,1,1,6,New Customers,4,Segment 3
P004,496,7,820.8000000000001,304.0,2,1,1,4,Lost Customers,4,Segment 3
P005,3,40,7654.5,591.0,10,1,1,12,New Customers,4,Segment 3
P006,8,47,7366.2,567.0,10,1,1,12,New Customers,4,Segment 3
P007,40,25,5872.5,304.0,10,1,1,12,New Customers,4,Segment 3
P008,355,26,8907.300000000001,1656.0,4,1,1,6,New Customers,4,Segment 3
P009,2,25,72360.0,6000.0,10,1,1,12,New Customers,4,Segment 3
P010,2,77,14367.6,1181.0,10,1,1,12,New Customers,4,Segment 3
P013,2,1075,402013.35,31773.0,10,2,1,13,New Customers,5,Sub-Segment 1
P014,9,68,17578.8,864.0,10,1,1,12,New Customers,4,Segment 3
P016,464,33,18000.9,1062.0,3,1,1,5,Lost Customers,4,Segment 3
P017,279,12,1468.8,288.0,6,1,1,8,New Customers,4,Segment 3
P018,2,60,23776.95,2480.0,10,1,1,12,New Customers,4,Segment 3
P019,286,12,3106.2,230.0,6,1,1,8,New Customers,4,Segment 3
P020,83,3,1208.1,104.0,9,1,1,11,New Customers,4,Segment 3
P021,13,61,28283.25,3033.0,10,1,1,12,New Customers,4,Segment 3
P022,8,29,7801.8,484.0,10,1,1,12,New Customers,4,Segment 3
P024,567,1,513.6,46.0,1,1,1,3,Lost Customers,4,Segment 3
P025,553,1,189.0,18.0,1,1,1,3,Lost Customers,4,Segment 3
P027,2,92,22835.4,1120.0,10,1,1,12,New Customers,4,Segment 3
P028,266,2,359.1,19.0,6,1,1,8,New Customers,4,Segment 3
P029,255,1,202.95,15.0,6,1,1,8,New Customers,4,Segment 3
P030,8,11,2135.85,170.0,10,1,1,12,New Customers,4,Segment 3
P031,113,5,1926.6,113.0,9,1,1,11,New Customers,4,Segment 3
P032,2,3,750.15,39.0,10,1,1,12,New Customers,4,Segment 3
P033,1,694,206967.3,13476.0,10,1,1,12,New Customers,4,Segment 3
P034,121,4,702.0,40.0,8,1,1,10,New Customers,4,Segment 3
P035,163,1,1152.0,60.0,8,1,1,10,New Customers,4,Segment 3
P036,14,13,2412.2999999999997,187.0,10,1,1,12,New Customers,4,Segment 3
P037,36,2,708.6,48.0,10,1,1,12,New Customers,4,Segment 3
P039,12,4,603.0,48.0,10,1,1,12,New Customers,4,Segment 3
Q001,2,136,38791.8,1908.0,10,1,1,12,New Customers,4,Segment 3
Q002,6,27,6395.55,501.0,10,1,1,12,New Customers,4,Segment 3
Q003,1,83,87352.35,10804.0,10,1,1,12,New Customers,4,Segment 3
Q004,14,29,241554.0,8202.0,10,1,1,12,New Customers,4,Segment 3
Q005,303,1,138.6,12.0,5,1,1,7,New Customers,4,Segment 3
Q006,51,4,1948.5,120.0,10,1,1,12,New Customers,4,Segment 3
R001,7,80,19936.35,1219.0,10,1,1,12,New Customers,4,Segment 3
R002,1,235,1585594.68,164998.0,10,1,2,13,New Customers,6,Sub-Segment 2
R005,8,33,12432.9,824.0,10,1,1,12,New Customers,4,Segment 3
R006,3,67,77732.4,5548.0,10,1,1,12,New Customers,4,Segment 3
R007,21,50,21647.1,1531.0,10,1,1,12,New Customers,4,Segment 3
R009,492,1,155.7,30.0,2,1,1,4,Lost Customers,4,Segment 3
R010,1,890,707828.7,53706.0,10,1,1,12,New Customers,5,Sub-Segment 1
R011,13,60,14560.8,1133.0,10,1,1,12,New Customers,4,Segment 3
R012,495,1,259.2,36.0,2,1,1,4,Lost Customers,4,Segment 3
R013,6,3,1012.2,46.0,10,1,1,12,New Customers,4,Segment 3
R014,9,2,749.7,42.0,10,1,1,12,New Customers,4,Segment 3
R015,184,6,1218.45,63.0,7,1,1,9,New Customers,4,Segment 3
R016,370,9,4963.5,366.0,4,1,1,6,New Customers,4,Segment 3
R017,2,30,6391.2,476.0,10,1,1,12,New Customers,4,Segment 3
R018,15,3,601.2,41.0,10,1,1,12,New Customers,4,Segment 3
R019,13,2,456.9,34.0,10,1,1,12,New Customers,4,Segment 3
R020,2,4,928.8,72.0,10,1,1,12,New Customers,4,Segment 3
S001,113,118,24624.0,4320.0,9,1,1,11,New Customers,4,Segment 3
S002,345,126,29911.8,2146.0,5,1,1,7,New Customers,4,Segment 3
S004,7,18,4708.2,710.0,10,1,1,12,New Customers,4,Segment 3
S005,2,76,2251414.5,183514.0,10,1,2,13,New Customers,6,Sub-Segment 2
S006,400,17,6331.5,486.0,4,1,1,6,New Customers,4,Segment 3
S007,6,419,138842.7,29992.0,10,1,1,12,New Customers,4,Segment 3
S009,79,29,6978.6,348.0,9,1,1,11,New Customers,4,Segment 3
S010,1,358,334387.65,24803.0,10,1,1,12,New Customers,5,Sub-Segment 1
S011,1,24,4612.95,358.0,10,1,1,12,New Customers,4,Segment 3
S012,3,261,69404.25,5591.0,10,1,1,12,New Customers,4,Segment 3
S013,580,1,86.4,32.0,1,1,1,3,Lost Customers,4,Segment 3
S014,212,17,61003.95,3140.0,7,1,1,9,New Customers,4,Segment 3
S015,573,1,191.4,16.0,1,1,1,3,Lost Customers,4,Segment 3
S016,252,5,810.0,400.0,6,1,1,8,New Customers,4,Segment 3
S017,1,6914,12384845.235,4809079.0,10,8,10,28,Champions,1,Segment 1
S018,93,30,7130.25,456.0,9,1,1,11,New Customers,4,Segment 3
S019,488,3,2430.0,120.0,2,1,1,4,Lost Customers,4,Segment 3
S020,9,20,4733.1,348.0,10,1,1,12,New Customers,4,Segment 3
S021,8,46,24363.75,1677.0,10,1,1,12,New Customers,4,Segment 3
S022,113,24,6778.5,472.0,9,1,1,11,New Customers,4,Segment 3
S023,2,162,73292.55,14161.0,10,1,1,12,New Customers,4,Segment 3
S024,2,40,116181.0,9540.0,10,1,1,12,New Customers,4,Segment 3
S025,68,7,2060.25,138.0,9,1,1,11,New Customers,4,Segment 3
S026,2,82,43004.7,2973.0,10,1,1,12,New Customers,4,Segment 3
S028,510,2,686.4,52.0,2,1,1,4,Lost Customers,4,Segment 3
S030,335,5,1217.7,64.0,5,1,1,7,New Customers,4,Segment 3
S031,2,64,18354.0,641.0,10,1,1,12,New Customers,4,Segment 3
S033,1,143,52294.2,4992.0,10,1,1,12,New Customers,4,Segment 3
S034,290,6,6967.8,630.0,6,1,1,8,New Customers,4,Segment 3
S035,1,103,21300.0,2171.0,10,1,1,12,New Customers,4,Segment 3
S036,16,7,1711.2,112.0,10,1,1,12,New Customers,4,Segment 3
S037,14,45,15558.6,1096.0,10,1,1,12,New Customers,4,Segment 3
S038,100,47,13256.85,764.0,9,1,1,11,New Customers,4,Segment 3
S040,363,105,182942.1,18581.0,4,1,1,6,New Customers,4,Segment 3
S041,245,41,9038.55,863.0,6,1,1,8,New Customers,4,Segment 3
S043,1,120,42354.3,3137.0,10,1,1,12,New Customers,4,Segment 3
S044,467,8,2820.9,179.0,2,1,1,4,Lost Customers,4,Segment 3
S045,528,2,1395.3,119.0,1,1,1,3,Lost Customers,4,Segment 3
S046,544,1,61.5,1.0,1,1,1,3,Lost Customers,4,Segment 3
S047,6,91,21931.8,4282.0,10,1,1,12,New Customers,4,Segment 3
S048,477,5,2751.9,221.0,2,1,1,4,Lost Customers,4,Segment 3
S049,54,5,23439.149999999998,1786.0,10,1,1,12,New Customers,4,Segment 3
S050,1,93,62309.4,4909.0,10,1,1,12,New Customers,4,Segment 3
S051,415,1,850.5,45.0,3,1,1,5,Lost Customers,4,Segment 3
S052,1,35,8420.7,782.0,10,1,1,12,New Customers,4,Segment 3
S053,8,42,6033.6,622.0,10,1,1,12,New Customers,4,Segment 3
S054,84,5,3903.3,374.0,9,1,1,11,New Customers,4,Segment 3
S055,1,1452,770052.9,55591.0,10,2,1,13,New Customers,5,Sub-Segment 1
S056,1,106,26186.1,1441.0,10,1,1,12,New Customers,4,Segment 3
S057,156,2,868.5,60.0,8,1,1,10,New Customers,4,Segment 3
S058,3,31,13734.3,1154.0,10,1,1,12,New Customers,4,Segment 3
S059,112,7,1353.9,175.0,9,1,1,11,New Customers,4,Segment 3
S060,57,5,923.85,63.0,10,1,1,12,New Customers,4,Segment 3
S061,106,8,266127.0,50474.0,9,1,1,11,New Customers,5,Sub-Segment 1
S062,26,9,2202.3,111.0,10,1,1,12,New Customers,4,Segment 3
S063,16,5,1009.8,132.0,10,1,1,12,New Customers,4,Segment 3
S064,166,4,839.7,72.0,8,1,1,10,New Customers,4,Segment 3
S065,9,27,16896.9,5298.0,10,1,1,12,New Customers,4,Segment 3
S066,2,24,8267.7,518.0,10,1,1,12,New Customers,4,Segment 3
S067,2,9,3370.05,222.0,10,1,1,12,New Customers,4,Segment 3
S068,7,5,882.0,60.0,10,1,1,12,New Customers,4,Segment 3
S069,23,3,4014.0,360.0,10,1,1,12,New Customers,4,Segment 3
T001,1,12,6244.2,692.0,10,1,1,12,New Customers,4,Segment 3
T002,5,104,245834.1,18971.0,10,1,1,12,New Customers,4,Segment 3
T003,98,34,9895.2,584.0,9,1,1,11,New Customers,4,Segment 3
T004,2,314,265735.8,21112.0,10,1,1,12,New Customers,4,Segment 3
T005,7,113,916927.5,57764.0,10,1,1,12,New Customers,5,Sub-Segment 1
T006,1,269,169598.7,13472.0,10,1,1,12,New Customers,4,Segment 3
T007,1,270,126127.8,9380.0,10,1,1,12,New Customers,4,Segment 3
T009,2,310,498615.75,26073.0,10,1,1,12,New Customers,5,Sub-Segment 1
T011,1,123,30513.3,1963.0,10,1,1,12,New Customers,4,Segment 3
T012,2,53,13115.7,1184.0,10,1,1,12,New Customers,4,Segment 3
T013,15,23,3983.4,303.0,10,1,1,12,New Customers,4,Segment 3
T014,335,18,5102.85,429.0,5,1,1,7,New Customers,4,Segment 3
T015,5,51,11647.05,911.0,10,1,1,12,New Customers,4,Segment 3
T016,5,146,98403.3,7867.0,10,1,1,12,New Customers,4,Segment 3
T017,1,40,15154.949999999999,1041.0,10,1,1,12,New Customers,4,Segment 3
T018,9,14,4310.7,338.0,10,1,1,12,New Customers,4,Segment 3
T019,6,270,84804.75,6585.0,10,1,1,12,New Customers,4,Segment 3
T020,9,33,57388.35,2833.0,10,1,1,12,New Customers,4,Segment 3
T022,20,17,5605.8,532.0,10,1,1,12,New Customers,4,Segment 3
T023,22,10,2646.45,281.0,10,1,1,12,New Customers,4,Segment 3
T024,14,34,13880.1,896.0,10,1,1,12,New Customers,4,Segment 3
T025,9,44,11475.6,734.0,10,1,1,12,New Customers,4,Segment 3
T026,2,789,372534.6,27383.0,10,1,1,12,New Customers,5,Sub-Segment 1
T027,16,21,4255.8,473.0,10,1,1,12,New Customers,4,Segment 3
T028,579,1,381.6,24.0,1,1,1,3,Lost Customers,4,Segment 3
T029,243,75,28717.26,2518.0,6,1,1,8,New Customers,4,Segment 3
T030,15,2,2079.0,140.0,10,1,1,12,New Customers,4,Segment 3
T031,2,229,62708.55,4694.0,10,1,1,12,New Customers,4,Segment 3
T032,2,181,41497.95,2677.0,10,1,1,12,New Customers,4,Segment 3
T033,482,7,1606.5,126.0,2,1,1,4,Lost Customers,4,Segment 3
T035,552,1,2275.5,37.0,1,1,1,3,Lost Customers,4,Segment 3
T036,36,16,2772.0,165.0,10,1,1,12,New Customers,4,Segment 3
T037,7,37,11130.9,1436.0,10,1,1,12,New Customers,4,Segment 3
T038,387,4,53136.0,4920.0,4,1,1,6,New Customers,4,Segment 3
T039,339,12,14479.2,1884.0,5,1,1,7,New Customers,4,Segment 3
T040,44,5,891.9,45.0,10,1,1,12,New Customers,4,Segment 3
T041,9,4,971.1,74.0,10,1,1,12,New Customers,4,Segment 3
T042,2,13,2869.65,236.0,10,1,1,12,New Customers,4,Segment 3
T043,1,8,1422.75,109.0,10,1,1,12,New Customers,4,Segment 3
T044,23,6,1413.0,162.0,10,1,1,12,New Customers,4,Segment 3
T045,1,83,12813.9,1055.0,10,1,1,12,New Customers,4,Segment 3
T046,173,1,228.0,25.0,8,1,1,10,New Customers,4,Segment 3
T047,13,8,2053.95,211.0,10,1,1,12,New Customers,4,Segment 3
T048,7,10,1973.4,146.0,10,1,1,12,New Customers,4,Segment 3
T049,113,1,64800.0,7200.0,9,1,1,11,New Customers,4,Segment 3
T051,57,4,1962.9,198.0,10,1,1,12,New Customers,4,Segment 3
T053,48,1,140.4,12.0,10,1,1,12,New Customers,4,Segment 3
T054,3,5,2499.8999999999996,191.0,10,1,1,12,New Customers,4,Segment 3
T055,15,1,255.0,20.0,10,1,1,12,New Customers,4,Segment 3
U001,1,498,458506.65,40114.0,10,1,1,12,New Customers,5,Sub-Segment 1
U002,92,13,2600.85,210.0,9,1,1,11,New Customers,4,Segment 3
U003,1,65,80006.1,7280.0,10,1,1,12,New Customers,4,Segment 3
U004,2,598,627648.6,52084.0,10,1,1,12,New Customers,5,Sub-Segment 1
U005,219,15,20613.45,1947.0,7,1,1,9,New Customers,4,Segment 3
U006,15,3,651.9,72.0,10,1,1,12,New Customers,4,Segment 3
U007,16,4,2405.85,172.0,10,1,1,12,New Customers,4,Segment 3
U008,19,3,735.0,50.0,10,1,1,12,New Customers,4,Segment 3
V001,515,3,729.0,36.0,2,1,1,4,Lost Customers,4,Segment 3
V002,1,104,27364.8,2869.0,10,1,1,12,New Customers,4,Segment 3
V003,338,4,551.25,200.0,5,1,1,7,New Customers,4,Segment 3
V004,449,2,511.8,52.0,3,1,1,5,Lost Customers,4,Segment 3
V005,5,34,76747.8,3886.0,10,1,1,12,New Customers,4,Segment 3
V006,197,17,6669.6,472.0,7,1,1,9,New Customers,4,Segment 3
V007,573,1,168.0,80.0,1,1,1,3,Lost Customers,4,Segment 3
V008,216,1,203.4,12.0,7,1,1,9,New Customers,4,Segment 3
W001,16,21,8508.6,576.0,10,1,1,12,New Customers,4,Segment 3
W002,19,92,16467.15,1244.0,10,1,1,12,New Customers,4,Segment 3
W003,278,42,9490.5,666.0,6,1,1,8,New Customers,4,Segment 3
W004,1,52,20375.55,1514.0,10,1,1,12,New Customers,4,Segment 3
W005,51,12,2949.0,292.0,10,1,1,12,New Customers,4,Segment 3
W006,287,25,8421.6,692.0,6,1,1,8,New Customers,4,Segment 3
W007,35,40,43759.05,3649.0,10,1,1,12,New Customers,4,Segment 3
W008,504,12,3872.55,281.0,2,1,1,4,Lost Customers,4,Segment 3
W009,142,15,5635.2,392.0,8,1,1,10,New Customers,4,Segment 3
W010,19,51,11563.800000000001,803.0,10,1,1,12,New Customers,4,Segment 3
W011,9,30,6469.5,460.0,10,1,1,12,New Customers,4,Segment 3
W012,281,7,3612.3,154.0,6,1,1,8,New Customers,4,Segment 3
W013,197,3,3501.3,604.0,7,1,1,9,New Customers,4,Segment 3
W014,5,7,1984.5,156.0,10,1,1,12,New Customers,4,Segment 3
X001,6,88,62911.5,2870.0,10,1,1,12,New Customers,4,Segment 3
X002,1,88,29321.25,1901.0,10,1,1,12,New Customers,4,Segment 3
X003,7,3,999.0,90.0,10,1,1,12,New Customers,4,Segment 3
Y001,14,34,55258.2,4602.0,10,1,1,12,New Customers,4,Segment 3
Y002,399,5,2189.4,304.0,4,1,1,6,New Customers,4,Segment 3
Y004,1,74,140552.1,11864.0,10,1,1,12,New Customers,4,Segment 3
Y005,26,26,7521.6,573.0,10,1,1,12,New Customers,4,Segment 3
Y007,477,9,2572.65,179.0,2,1,1,4,Lost Customers,4,Segment 3
Y008,9,9,13271.4,912.0,10,1,1,12,New Customers,4,Segment 3
Y009,16,5,1298.55,99.0,10,1,1,12,New Customers,4,Segment 3
Y010,1,18,5452.5,322.0,10,1,1,12,New Customers,4,Segment 3
Y011,2,9,3854.7,262.0,10,1,1,12,New Customers,4,Segment 3
Y012,23,7,2037.0,119.0,10,1,1,12,New Customers,4,Segment 3
Y013,12,1,163.65,12.0,10,1,1,12,New Customers,4,Segment 3
Z001,212,28,902881.5,21126.0,7,1,1,9,New Customers,5,Sub-Segment 1
Z002,91,44,801113.85,14205.0,9,1,1,11,New Customers,5,Sub-Segment 1
Z003,133,26,3545.325,1362.0,8,1,1,10,New Customers,4,Segment 3
Z004,2,68,13248.6,969.0,10,1,1,12,New Customers,4,Segment 3
Z005,366,4,1732.8,116.0,4,1,1,6,New Customers,4,Segment 3
Z006,9,65,20241.0,1494.0,10,1,1,12,New Customers,4,Segment 3
Z008,2,36,10849.5,698.0,10,1,1,12,New Customers,4,Segment 3
Z009,273,9,1310.3999999999999,114.0,6,1,1,8,New Customers,4,Segment 3
Z010,36,9,27456.3,2196.0,10,1,1,12,New Customers,4,Segment 3
